	N01	N02	N03	N04	N05	N06	N07	N08	N09	N10	N11	N12	N13	N14	N15	N16	N17	N18	N19	N20	N21	A01	A02	A03	A04	A05	A06	A07	A08	A09	A10	A11	A12	A13	A14	A15	A16	A17	A18	A19	A20	A21	A22	A23
2-Aminobutyrate	0.580932944452018	0.36663538850722	0.200815872142071	0.480719124540067	0.124875658828803	1.40326213457705	0.0805662805700445	0.236299612315797	0.367608018406775	0.229222747666585	0.619655936027145	0.472535701491199	0.126746980404502	0.286894203110212	0.634361369962134	0.333865085230097	0.133152200582617	1.10522966656224	0.198312258884857	0.500273942656972	0.31685000288739	1.13530009873026	0.229879905510916	0.355126007154951	0.43600283424827	0.416258369509946	0.162712263072784	1.1064996161847	0.193970208520309	0.407599829386975	0.139519229655728	0.321323091690051	0.125093288773836	0.391674956602429	0.113636748884082	1.8491788426463	0.238225070734229	0.461718616931583	0.816350648887046	0.173666440517232	0.644864217667806	0.254950404140364	0.24560287844052	0.191246178574174
3-Phenylpropionate	0.258192419756452	0.687861806878225	1.03934536352044	2.20972535848253	1.23915076837812	1.15981891517934	0.45371536952604	1.03359830423025	1.3611739628932	1.23659640188552	1.03482541316533	0.146649010807614	0.791312229011891	1.58429354384195	0.277077379983461	0.111288361743366	0.802887580523489	2.58642634790378	1.09780000454117	2.696213248846	0.257776273535504	2.07910379526505	0.476478349604444	0.543133893295807	0.225349779499106	3.31498513109733	0.224542923040442	0.174137644514313	3.75817279008099	0.327535577185962	0.887496056196044	1.73870273307932	0.938199665803769	1.11675917378379	1.04302301654318	0.340638207855897	0.697483712252794	0.437933112422986	0.32038595311088	0.620237287561543	2.09777475686448	0.0756884012291707	0.500302159786245	1.035577711641
4-Aminobutyrate	0.496001227426869	3.57721775850852	0.0986409903467046	0.346196900388937	0	0.0554179686433814	0.0848066111263626	0.0390999358508154	0.125191585215929	0.138740084113986	0.249927894197615	0.251398304241623	0.0839270545921703	0	0	0	0	0.130360422209906	0.109780000454117	0.5634664406768	0.558515259326925	0.0752307294339326	0.148377029920682	0.109090995661978	0.860983124934083	0	0	0.397251501548278	0	1.85239565319616	0	0.576583801589731	0	0.236299767206424	0.119724431860015	0.441004822670581	0	0	0	0	0	0	0	0
Acetate	328.203332734623	129.413883074505	162.39496169778	197.069123577399	263.093801512468	155.62553122961	204.483580582607	130.614185708254	165.835602408941	93.3841409638527	98.1968761822216	222.971673765709	123.124414680779	238.417052068006	28.31220417731	31.5734356296073	143.391409611952	461.39465551937	112.165059496242	389.197329262619	198.882450541189	84.0163108003717	153.331986793104	179.020644966321	160.488234269363	240.217275587196	100.251906647034	197.638970788558	194.193043343193	181.718557864867	143.56781674084	180.042933857497	74.1867905854075	106.707148300819	158.421803310362	290.515728699958	166.988406799002	53.9273353102849	132.382751789364	125.151052134315	245.671640387549	68.9103057190952	316.115919660939	155.302069671302
Alanine	7.54193647183321	21.0714439569127	6.79807211918637	29.812498793493	5.22316457601243	13.4824000856684	5.77108988714897	4.83309207060296	7.47621384803128	16.6206599316841	21.9564753332285	6.07313125709625	6.39729691636237	7.84815031174824	11.9639096072858	8.16578354291944	10.2935519407613	28.2409795825169	8.39108745406552	20.7218733090019	10.934010269131	11.5321869064997	6.21093708344039	8.60890431723995	9.27730749840068	10.4667865376776	3.08177026259852	15.9716870827972	4.82847269066627	20.6966091939618	3.47838503824766	37.4539411973172	9.63218323558536	16.5183248226628	5.2841088231098	44.9429535489874	9.71074154312517	17.3312379028228	11.0198287149098	4.44175447864763	7.92317925975994	8.94318214523622	6.40841584671653	8.43924626303907
Arginine	0	0	0	0	0	0	0	0	0	0	0	0	0	0.637542673578249	0.0699984959958216	0.0741922411622437	0.0887681337217443	0.449648992550109	0.242578388100227	0.189577494059484	0.408145766431214	0	0	0	0	0	0	0	0	0	0	0	0	0	0	0	1.73879742350344	0.458920322283513	0.362018026113989	0.16083394491251	0.184808647746262	0.398360006469319	0.454820145260222	0.907402081320015
Aspartate	0.489206690064857	3.75380819792713	0.923078445289549	6.57576283938758	3.46529953249928	1.68431040412563	1.94419156007186	2.1691964411148	1.72878198129997	11.6984030344227	11.9139181300152	1.23604166252131	4.7101918393565	3.23234135504172	1.16955820393019	0.392600609483539	6.63594914582179	5.89266894018399	6.21673518700655	30.2955367590059	13.0257573220909	3.72870851703455	2.77945703935926	8.13076080433851	11.459771123767	3.05859410639917	1.45464763187069	3.50633402964758	2.05516054265566	4.32710890304565	1.33140707789765	14.2627848516706	9.18141603983137	9.68505347235097	1.82630489277988	12.5306197889848	12.2722750356592	4.77389066960776	2.89252402865077	0.657023774961745	1.95032104855629	4.83111097845667	5.96041800363521	7.24294038004317
Butyrate	101.975813997756	39.3897588726037	25.3560063202149	37.1538513497407	50.2048177591338	48.2156119329077	32.5996613169738	29.0138523985159	40.00326389777	19.0254880563266	25.3005518679883	60.63820208791	46.2215407188634	73.5309842571473	10.9183070733483	2.41897619622732	22.2708057240622	160.369769258922	36.5903824094248	225.655144387304	29.8698256959265	32.5530205417848	35.1319190140365	29.4638531687905	31.8490272601861	94.3337988989425	12.0651143068469	58.9691738074564	59.4068401130682	73.8210601714294	16.167266134368	25.1950650547827	20.4958883313407	32.9298292026158	46.0999939490816	38.0876096158875	16.6143567372893	12.0228729554336	40.0066120658569	29.4189239236777	63.0020544364782	19.3453578141663	41.2021569591235	30.4874892120637
Caprate	1.24340033724818	0.61554381740203	0.644710666925035	0.724046088813434	0.878932521756575	0.724392018695629	0.775980491806218	0.622198979191236	0.833093094346003	0	0.755980241953117	0.851960919929945	0.626883713892537	1.25595906694915	0.587695705964919	0.386417922720019	0.462334029800752	2.08387747387719	0.442661292153699	1.31651037541308	0.671292378998708	0.500626308596715	0.764873140154503	0.84951711515498	0.896500209746442	2.05112819758524	0.595526882846388	0.66389976971082	0.845155908552775	0.665989006944789	1.08899773781002	0.653350600808514	0.789381787779723	1.18473581914454	1.76542806302055	2.01037370886382	0.898869854522967	0.41694590256246	1.13492651186736	0.925650682953917	1.28383028700328	0.728998811838855	1.93298561735595	0.620532813458755
Choline	0.152877090645268	0.0487725975537127	0.0369921397602288	0.0534132360600074	0.0288174597297238	0.0336466238191959	0.031802479172386	0.0169999721090502	0.0330050542841996	0.00804290342689772	0.0371793561616287	0.128026914197123	0.0342559406498654	0.0940375443527917	0.0349992479979108	0.00927403014528046	0.0175834473024675	0.0264499407382417	0.0141651613489184	0.305430407095836	0.190647035635633	0.0218853031080531	0.0647843370076218	0.0510638703098622	0.0636858072497472	0.0784254899076711	0	0.0707434180839398	0.0681204898970133	0.083703536391968	0.0213131497220838	0.265971375486705	0.0301949317729949	0.0356068142365845	0.0304384148796647	0.1885675793488	0.0319270713355152	0.0125923259163159	0.0434421631336787	0.0171099941396288	0.0216265438852008	0.145401402361302	0.0363856116208178	0.0284834734046642
Ethanol	8.07191038607014	21.7593057637909	0.554875566999563	0.807133344906779	0.758859772882726	0.761997068846495	0.833224954316513	0.53889911585689	1.21777269255495	15.2493448973981	0.452348833299816	4.70440715622519	0.74335391210208	0.682170660728726	0.511864001969446	0.394146281174419	0.267357012102336	7.50611532521674	1.78481032996372	13.8812853983556	1.04721611123798	0.6592947561301	0.499466340155536	0.533849553239468	4.15304946892102	2.02699727761365	1.00881603105126	0.696550578057254	0.322129096292656	3.16435760403549	0.813726052885527	9.05199059117533	0.610368977982682	0.657107571820604	0.562096061444475	15.8335938401589	1.73879742350344	0.530276835809303	0.747567223925388	0.985535662442617	1.17569756757728	2.68494644360321	0.83914316800511	0.740570308521268
Formate	0.31934325601456	0.729907149596942	0.792677049497993	1.05046030918015	1.20553039869344	0.993565009249196	0.807782970978604	0.732698797900062	0.944627415720195	1.12600647976568	1.55327087964138	0.675051002130284	1.56892208176384	1.47909900270154	0.500197585970142	0.449790462046102	1.02477796606479	1.16757595544524	0.60910193800349	1.59034453349901	1.12508602720183	0.67160523912838	0.555891407871852	0.673114654084547	0.749532962247025	0.470552939446026	0.328678771407023	0.580458815047711	0.674277391522979	0.804281806201084	0.30228406957004	1.87555723257254	1.18407268166958	1.77386674560439	0.775164965602128	1.0736186372601	1.01921035417222	0.748543818358778	0.546647219432124	0.24980591443858	0.562290141015221	0.663269410771417	0.611733095374999	0.793468187701359
Fumarate	0.930851618595631	0.184999507962359	0.542569520382992	1.86946326210026	0.432261895945856	0.916375695781629	1.14064891964958	0.465799235787974	1.20183921807292	0.160858068537954	0.212748538035986	0.926449306371907	0.746779506167066	1.51416384974834	1.11997593593315	0.386417922720019	1.25397761148565	2.11977382202194	0.472762260020151	0.484475818152015	0.136943645315736	0.0560810892143861	0.530813599997933	0.721857439380324	0.208203600624174	2.13860278248226	0.252204007762815	1.00310538975433	0.771262495783134	0.582285470552821	0.876108102065471	0.082111978754551	0.44429685323121	0.388437973490012	0.858363299606545	0.0456211885521291	0.137531999599142	1.41593709192352	1.04623209546943	0.44571534733733	0.961398178169382	0.111540801811409	0.279714389335037	0.0447597439216151
Glucose	68.1356206662554	37.1697647770554	2.84150436077874	15.5472082294666	3.60698537617042	3.57841740382977	2.56327982129431	2.01109670050063	13.9998335431013	4.33110349538442	6.83687049416617	18.7384847143062	4.84379000789097	10.5290172541448	0.787483079952993	1.26281377144902	2.40783562720232	8.54899870289598	2.79939001157999	43.4237782226252	27.8935409321543	2.39780852177607	3.45864766927787	3.06151113357765	5.84072336103932	11.5255306514312	20.5831012787071	2.80615558399628	2.39691757671525	38.5982481292701	1.18394418652993	5.46820950370405	1.52700083537717	71.2265764056186	4.35878101076799	2.76464402625902	2.52960642119851	13.5969136949731	2.04540184754404	1.97791532254109	24.7152075618963	6.52115330590276	13.0669827733262	29.7448843697279
Glutamate	7.73897805533156	13.3872371216398	8.08583696306089	33.644403913798	14.5239997037808	17.7832302950279	17.7691051962511	11.6058809588485	12.3598237767727	21.2634259348608	28.450469542793	9.43209193321349	18.6729132482416	27.9753725166136	8.98022371546395	5.39130285778971	20.2005534349635	38.2522821519414	22.0445323492542	33.7447939425882	20.1199751833493	11.7592469262458	20.0392583085834	13.6758329029867	20.6439993654181	21.2201277500179	2.41302286136938	10.1906800716814	8.23218801636788	18.3456316066048	7.29201814282703	44.2078902917498	19.1090782506239	18.9849059543244	13.1493952280152	42.7805092116165	18.809956873747	17.1045760363291	11.81445828223	8.38560812783206	9.58645708947629	10.6342203726985	8.06850937691635	13.7046197752727
Glutamine	4.36549025509265	1.5018596419126	1.47267439567869	2.52426997083591	1.85152178763475	1.02127399357089	1.26573867106096	1.10499818708826	1.78910156326765	1.77144947977422	2.63353772811537	2.31845102800608	1.97999336956222	2.34615703876795	0.977791490941633	1.13761436448774	2.65105745965894	2.89248994787486	2.57628872033453	7.17761456675214	3.8424775773886	0.973895988308364	1.9080032157406	2.31180067402831	2.43965630849032	2.38594471219107	0.69966273121297	1.93002556003364	1.91430122456353	1.96339382102029	0.95730299174753	0.876487124145385	2.14815371756449	2.60900838860792	1.83645103107311	3.71052333557317	2.75309592054712	1.34038313642563	1.9693780620601	0.434593851146571	0.418768531595252	1.74680862836797	1.67373813455762	2.13015690390595
Glycerol	1.31814024823031	2.43694806397689	0.398096764601502	4.4669291490184	1.41445698173394	4.55021106825478	0.890469416826807	0.482799207897024	1.47384638958753	4.73123794087258	6.03544881690439	0.947399165058709	3.11215220804027	3.14308538074077	3.70262877777898	0.358595832284178	1.25780400639006	2.79802587380971	3.29871194912937	4.88688651353337	3.44238731950537	1.69200749654136	0.762783322831676	1.78955654585926	2.09795745805417	0.666616664215204	0.274983724593005	0.34101955384053	1.22501423357171	6.05030996746291	0.641365509825668	31.8884016036174	1.01368699523626	7.25407915492598	2.81656799019831	2.60649057261164	2.37733885021375	1.72654779785931	0.836261640323315	0.345621881620501	0.397141987710051	6.15067849988629	0.604910793196096	0.980645298646295
Glycine	2.23880006078292	11.5254693460549	2.42044111057986	20.6907050352451	4.3922611538054	9.34386535590728	4.85517848698426	3.06509497126174	5.24780363118773	12.2754813553026	15.7991608489054	4.27842669626022	5.8800322125494	6.16503765350166	6.9254761975866	4.50099596384278	7.99750271423338	11.3640281100374	6.00248712160416	17.1830934198916	10.6520674699515	7.01560747757528	4.35726911809327	7.60155342112721	7.48920598715778	6.93763949183244	1.40908819821031	6.0367716764962	3.18780801026532	14.2368797550165	2.64501189802875	28.1548992557171	8.04263575582127	13.4852716463283	4.11933214704796	25.6634392668577	8.90274104548021	11.8479795399292	7.73089494766424	1.89236535184294	3.36980874720311	6.88565271182219	5.24862447630297	7.39146134851035
Histidine	0.475617615340833	0.987224647035496	0.366413623769103	1.46194005364243	0.511509910202597	0.540325194272969	0.926512226555511	0.290699523064758	1.18135332231032	0.367962831780571	0.875780389585032	0.693673098740775	0.863249704376609	0.913279879900841	0.331763704980196	0.289040606194574	0	0.476098933288351	1.38995645736262	0.368622905115664	2.51868900600315	0.637409453022047	0.21525118425113	1.74313484557757	1.82361859605526	0.998416813824581	0.138305423611866	1.53640192607941	0.0623475670243851	0.178324925356801	0	0.398053963996814	0	1.47606429926205	0.300325693479359	0	0.152267570984765	0.187485741420703	0.747567223925388	0.318245890997095	0.365685196604305	0.27785610451235	1.37355683868587	1.93484165770254
Isobutyrate	2.58871873492654	3.77398996243212	3.89134801641723	4.00203616849611	11.267626754322	7.23402412112711	6.45802343727251	5.56239087408121	3.11954668251693	3.12466798134976	3.34820757433334	3.57777031129051	3.86749569936981	4.44367243484039	1.77985759089376	1.50548422691719	3.58983667173944	7.25106232524083	3.65638227318956	5.50301336922669	2.39517120826739	7.63249945893353	6.22974543934583	7.93811074816949	2.97731148892568	5.32388421873228	3.43160162820501	7.17592210102733	10.3774061558365	3.36997716082445	4.87582877207105	2.81345510457847	4.44512531315303	3.38912131870036	5.4809439059983	4.84801163680625	4.995358699726	2.60521231735336	6.71905456467564	4.12008658882261	6.62165452775967	3.3382568542129	7.86838851300185	3.62757379146544
Isoleucine	3.17644621674056	5.78039371696933	2.018795219254	11.5273676489505	2.86973869808499	5.15782951016614	2.81345932411708	2.33579616778349	3.32668185078329	6.89477896270807	8.89412820177629	2.5279496148741	3.39818931246665	3.49692156457669	3.39930196179709	2.0093731981441	5.16249026252955	10.16433436941	4.14330969455863	8.26241911609252	5.94765047792855	3.55772958650289	2.59137348030487	4.89516829470452	4.55598467248192	5.01319862409805	1.02020588946635	6.17644457886705	2.10018934106216	7.87905027341786	1.95527528573122	12.1190407907558	5.8038972429378	7.53245970259382	2.27476420534028	16.9132953025593	5.56022226950819	6.2541885384369	5.41759976079585	1.40900801739843	3.17713590168041	4.14493586731327	3.37476547783085	4.37221316761595
Isopropanol	0	0.184999507962359	0.118023525732425	0	0.292977507252192	0	0	0	0.150229902259115	0	0	0	0	0.149822528290888	0.0408324559975626	0.0216394036723211	0.104826836645864	1.63233919984577	0.0460367743839847	0	0	0	0.30511332913267	0.113733165690148	0.124922160374504	0.0995400448828133	0.224542923040442	1.16998729908054	0.116613042027091	0.196521346311577	0.14531310602644	0.148144681791514	0.181169590637969	0.0517917297986683	0.148133619081035	0.337596795285755	0.0515744998496784	0.0363778304249126	0.168338382143005	0.729741250055167	0.28311111995172	0.0727007011806508	0.350211511850371	0.415044898182249
Isovalerate	1.39288015921244	3.69999015924717	3.42459338296675	3.07818501145821	10.8857954129032	6.86984889861346	4.5371536952604	5.1169916048241	2.18288600403775	2.54557893461313	3.16644183309871	2.02980853054348	3.63284250591823	3.458669004162	2.25015998586568	1.68169079967752	3.76719588914246	7.01112357711536	4.04061227477897	3.40186281006741	2.12396908715191	7.27686328342766	5.80133288816639	6.3179934083384	3.00303075723808	3.03144682143113	3.55200870287887	6.61541655774689	8.47580536159279	2.8713952266636	3.56937542968612	2.54379323017614	3.67731133378259	2.88738893627576	4.79912341269381	5.16127713153087	3.93439755996118	2.51986433058722	7.90647369032952	2.99082697560711	4.68312977586803	3.46174845621839	7.21117340310083	3.12911300688382
Lactate	0.309151449971542	0.462498769905897	1.20319194881582	1.1434389052846	0.20652512806302	0.170212332261814	0	0.193799682043172	0.2742833821549	0.538874529602147	0.454414353086573	0.425980459964973	0.525828688975434	0.267767922902864	0.058332079996518	0.319954040012176	0.456613816055525	0.239938748125478	0.0920735487679694	0.447613527640449	2.10517290053995	0.076598560878186	0.0731436062989278	0.16479703600001	0	0	0	0	0.154714332986437	1.4520743921911	0.166643781942458	11.2205887456371	0.146661097183118	1.40161368767646	0	11.9284201000967	0.18173871375601	0.618423117223514	0.0579228841782383	0.109503962493624	0.125827164422987	0.127475202070182	0.391145324923791	0.113933893618657
Leucine	3.95781801337193	7.29066242742568	2.31654444477026	12.9596336825596	3.01862890668856	7.04797808353862	2.91946758802503	2.84069533942228	3.93556819706076	7.66086551412008	10.1417021529776	2.96556888522063	3.72875913973785	3.74556320727221	4.1094950357547	2.85330994136462	5.96668589932216	11.5057242211351	5.00738453684265	11.7854008806979	6.78005302788695	4.5535108779193	3.3186299086485	5.67505285943696	5.0887409446673	7.0522613616975	1.22034197304588	7.78177598923338	3.04002118472603	8.7925106053476	2.03467091395068	15.1500982323373	5.76938874948295	8.68482569061419	2.90382477952002	18.7351014320743	5.95317083979145	7.00133320947164	6.22308986889947	1.72468740927458	4.04219765708844	4.82812327840815	3.881889939796	4.83608687734905
Lysine	4.95661500558768	6.91898159779221	2.14567360593668	11.8676297453328	2.61998738042739	4.70458969518992	4.01983336738959	2.57039578288838	5.16244573217687	6.70174928046252	10.4370714824839	4.46231990028881	3.62085292669078	6.63681923194957	2.09995487987465	2.32469022308363	6.31588583411068	13.6236087616758	6.6647084146661	22.6861067891183	10.3217916194841	4.03373492910304	3.3896836976246	6.27157170805671	8.063602979468	8.65395117481186	0.995799050005436	5.25678014377584	3.00884740121384	9.51308887515671	2.93723757293338	16.1284202486809	6.9513046503116	6.95951369169605	1.81818798214531	18.2302269454308	8.17578619045617	7.2070078661048	5.28908336152538	1.54674347022244	4.41181495258097	4.93368868012252	5.13946764144051	6.50847367296576
Malonate	6.71300291366776	1.90381311830355	0.916022632965986	17.4344759035869	0.427458985990903	0.457198241307897	2.28553816985547	0.254999581635752	0.583848029234289	0.247319280377105	0.307762448226815	1.36872410087106	2.4681405238228	0.747518784770497	0.853106669949076	0.471429865718423	1.525141639881	3.3005747478363	2.4647380747118	21.6486966132928	34.6843346381052	2.24324356857545	4.18172446297585	1.79651980090152	7.86887137653127	194.193578471379	0.585764147062021	4.30083703274414	0.512635551089388	5.66636548531714	3.32325189379332	0.576607232184527	0.52841130602741	0.229825800981591	1.44278086529611	10.0518685443191	0.923429140165671	0.193082330716844	1.09872470925596	0.246383915610654	1.05576855148662	20.9089208395584	0.959670506499069	0.793468187701359
Methanol	11.0581095566744	1.10663342035665	2.46459897429545	1.27796112943573	0.470685175585488	1.76941657025654	1.32722346412757	0.530399129802365	1.14721016270597	0.788204535835976	1.58012263686922	2.08567482037495	0.28261151036139	1.74367921223651	0.237703225985811	0.143747467251847	0.408319673922853	2.13866663683497	0.410789679118633	2.31179221922538	1.5063800984731	1.27481890604409	1.01983085353934	2.96866773301426	1.80034878186785	1.58660798813211	0.480001176064712	0.839851348022157	0.865938430894237	3.9013126527039	1.47062485701771	2.62407401782976	0.483118908367918	1.07467839332237	1.16071822074455	3.4155063162694	1.35567256747726	0.355383420304915	0.651632447005181	0.816146720460292	2.41824081625427	0.539777808765928	4.07518850153159	0.80974445821831
Methionine	1.75978517676108	2.79349257023162	0.91957937732819	5.62421593031856	1.39284388693665	2.33151310935369	1.53499966138716	1.20699801974256	1.85055925055547	3.64142452652794	4.36031226984434	1.15689775192673	1.7573297553381	1.82974747316957	1.58371597190546	0.993866897235889	3.10739116669522	5.17474197728886	2.53025194595054	5.17125275462259	3.16312968984191	2.08457512104206	1.38554888503398	2.74584357166214	2.28901487980342	2.92889041155187	0.689899995428603	3.21247675452968	1.24002383304055	4.18881610378936	1.03671965139971	6.25495841103811	2.64421331097798	4.00091112694713	1.16680590372048	8.4703340078453	2.86361270593929	3.17606442555968	2.88166348786735	0.634780782580227	1.56104325862268	2.12724243454617	1.98983813551347	2.60420328271215
Methylamine	0.791563602674387	0.576862102100809	0.258950419491493	0.429284156482282	0.38183134141884	0.494803291458763	0.275621486160678	0.175099712723217	0.619129294158778	0.211126214956065	0.561821381997945	0.963693499592889	0.253493960809004	0.953126296999482	0.457906827972666	0.3956919528653	0.190334078577521	1.04477265916055	0.329340001362352	1.84838056707997	0.754532633994548	0.385728467279436	0.296754059841364	0.782205649746525	0.803420952996811	1.91539177274504	0.322170280884112	0.48250639000841	0.23091691490513	0.322076650899529	0.220906907471064	0.273121191449307	0.174699248115185	0.233062784094007	1.78166188428971	0.316306907294762	0.221033570784336	0.193082330716844	0.463383073425906	0.161689444619492	0.340126553830886	0.95407221549402	0.557154677943772	0.327559944153638
N,N-Dimethylglycine	0	0.0420453427187179	0	0	0	0.0277089843216907	0.0233218180597497	0	0.0603195819676751	0	0	0.0325886690683586	0	0	0.0255202849984766	0	0	0.0547891629577864	0.0531193550584439	0.047394373514871	0.0429627122559173	0.0451384376603596	0.0208981732282651	0	0.187383240561756	0	0	0	0	0.0345731998140738	0	0.0321304347214215	0.0194110275683538	0.142427256946338	0	0	0.0171914999498928	0.0111931785922808	0.0162908111751295	0.104370964251735	0	0.0219098003558126	0	0
N-Acetylglycine	1.81074420697617	0.687861806878225	0.91075389869535	1.08013432921348	1.47449335617087	0.882729071962433	1.14276908492774	0.766698742118162	0.920727203997154	0.556971062312667	0.437890194792516	1.15689775192673	0.691970001127282	1.33565190114643	0.201245675987987	0.177752244451209	0.813176742327923	2.57886922197857	0.596707421823187	1.98529764612293	0.95055000866217	0.512936791594995	0.842196381099084	1.00038764107048	0.841387491934161	1.44785519829547	0.532069100248003	1.1064996161847	1.10840119154462	0.893444268879485	0.782904830987566	1.01212431412131	0.44429685323121	0.414333838389346	0.882714031510277	1.39296695712501	0.800632711952151	0.397357840025968	0.718605781836268	0.697232261189872	1.29366053422383	0.338606005498921	1.70784964545214	0.852469668325306
Nicotinate	1.31814024823031	0.422135240895928	0.41749888819883	1.31554822147796	0.480290995495396	0.552200473267979	0.381629750068632	0.265199564901182	0.655548664403412	0.643432274151817	1.16495315973103	0.891532875227238	1.08933891266572	1.83452904322141	0.134163783991991	0	0.520047057917056	2.94538982935134	0.887093229476013	3.66516488515003	1.34526992751341	0.173714593420172	0.390795839368557	0.515280873126791	1.60561717893113	1.58660798813211	0.164339385703512	0.317438414479217	0.366003310124631	1.06085134166342	0.240277080940288	0.881858858355255	0.429199387344713	0.705662318506856	0.71022968052551	0.714731953983356	0.528024641318136	0.34558938903667	0.295044691282901	0.288303401252745	1.16979941924495	0.355536305773868	0.832320865826207	1.30210164135608
O-Phosphocholine	0	0	0	0	0	0	0	0	0	0	0.0619655936027145	0.0232776207631133	0	0	0.0145830199991295	0	0	0.0245606592569387	0.0159358065175332	0.0421283320132187	0.048333051287907	0.0177818087752932	0.0167185385826121	0	0.044090174249825	0.102556409879262	0	0	0	0	0	0.041058332436755	0	0	0	0	0.0171914999498928	0.0167897678884212	0.0235311716974093	0.00256649912094432	0	0.0109549001779063	0.0227410072630111	0.0183108043315698
Phenylacetate	0.903673469147583	3.51667246499356	2.38884502846572	2.50844382681813	7.87437087114702	6.55713321841152	2.90674659635608	3.87769363807434	1.25874448408016	2.17158392526238	2.70583092065187	1.27095809366598	2.52123723183009	2.92950858509205	1.64933956190155	1.40192422362823	2.91978682978639	4.91968897731296	3.2066384003614	3.17015698399471	1.37480679218935	5.68881097664956	4.03752706770082	4.95551650507072	2.00242874717955	2.39801017217686	2.54807403971979	4.46046320688226	6.06156901625966	2.08894912560825	2.79024087832431	2.23500887109474	2.64205653013705	2.36299767206424	3.23053043256175	3.36684371514713	3.78458591754069	1.83708043645809	5.62576012581139	2.49292614614391	5.62683350904043	2.87217564664379	4.93707267679971	2.56554714023439
Phenylalanine	3.15266533597352	5.25062239871349	1.67529802231928	10.4511898557415	2.47349862680129	4.01582351347932	2.31946081430602	2.01279669771154	3.31302458694155	6.36796878824627	8.30338954276374	2.19275187588527	2.81583832141894	3.28493862561193	3.00264381782077	1.94445498712714	5.32324993758136	9.40484321392623	3.76085033813783	9.21557262789159	5.20385852199798	3.73144417992306	2.30297868975481	4.46344648208477	3.94607059535934	5.38722788365771	1.12108749257148	5.71207752682889	1.78960609051476	7.22943804533237	1.52897723890168	12.8652530868972	4.81609161779268	7.38032149631023	2.1246013586006	15.6480676733803	5.22867191333168	5.43988479584847	5.10807434846839	0.907685189107306	2.11743525130557	3.96666976441825	2.81761079988708	4.16672525233944
Proline	2.16066288111979	4.96135044080871	0.982934776653207	9.42446876258798	1.98360181139599	3.61800166714647	2.70745106020913	1.66599726668692	2.32287295841556	5.3987989253051	9.42496678697287	2.4860498975005	2.71307049946934	3.69774750675384	4.56886016572728	2.29377678926603	3.20988640405196	3.27412480709806	2.53910517179362	8.43093244414539	4.54330682106326	4.27994458906864	2.48688261416355	4.06189877464813	3.11570564698763	3.23655964118965	0.748476410134805	1.82300346600922	1.54137040699174	4.98945862579949	1.84293669218281	10.9498704518017	3.47026037305348	6.56136476886879	2.04140302459618	2.81634803995144	4.89712155715518	5.79107077418128	3.03009087857409	0.821279718702181	2.00537043299135	3.24762995274113	2.07625396311292	3.36104986175037
Propionate	114.070090502137	37.5818091356988	39.1992454603296	48.5981317425979	68.5183134173732	57.4684334831865	40.6541692087001	26.5947563673981	66.7783296594969	23.7386294644886	34.1781559114705	88.0406172502469	28.5763056901177	55.603284276127	9.99301445440349	13.8368529767584	35.3402424497793	122.213840462527	32.3178156175573	78.8063110722272	36.6740452494574	27.6342986682498	32.0452588282217	52.8371792606229	33.5330269711169	69.750424177884	30.2547181957534	71.0681122336072	55.6625223378816	45.098009694316	30.6316837288573	30.022597025697	24.7167084370372	38.7402138894039	47.4372549761282	55.5149036428008	55.4573229097899	17.858716443984	38.8318635711171	31.388284249149	89.1996632792328	25.4990240141011	65.5145678240088	55.27624920938
Pyruvate	0.217425195584381	1.09990616552166	0.0774996709914902	0.201783336226695	0	0.190004463920165	0.0593646277884538	0	0	0.0824397601257016	0.1301277465657	0	0.0650862872347443	0	0.168433880989946	0.632179721569951	0	0.872848044361976	0	0.684585395214804	0.225554239343566	0.114897841317279	0	0.176402461070433	0	0.21717827974432	0.0455594336603794	0.14148683616788	0	0.41123911357793	0	0.910417509174682	0.0517627401822769	0.0906355271476695	0.071022968052551	0.970210609875278	0	0	0.275133699846632	0.169388941982325	0	0.139426002264262	0	0.0752777511408981
Serine	2.69743133271873	3.6629902576547	1.8108517113458	4.3086677088406	2.60798010554	3.10340624402936	2.51663618517481	1.97879675349344	2.84298708972174	3.79625041749572	4.57306080788033	3.9665065780345	3.80754780323254	3.83641303825711	1.65225616590137	1.63995766402376	4.67636546385833	8.22782085107448	3.83167614488242	12.5595089814408	5.81070683261282	2.18442681647255	2.37194266140809	3.99226622422559	4.8376718968558	4.44612200476566	1.20569786936933	3.44103241295471	1.94547500807572	3.69205381172398	1.52507726544081	3.60033678528304	5.21293929252347	4.48322161069723	2.41072245846945	3.95079492861438	5.07640434234692	2.06793974492388	4.19035865226942	1.99160331785279	2.77999391397036	4.33814047045089	2.74938777809804	4.4312146482399
Succinate	0.112109866473196	0.608816562567035	0.972404925749782	7.14550402402766	0.609969564279153	1.76545814392487	3.94350741737586	0.790498703070832	1.16997226910887	2.44102119006346	3.06729688333437	13.8757897368918	0.781035446816932	1.9285665875742	2.97931098582216	0.327682398466576	2.43181753964881	1.46608242949111	0.943753874871687	3.2702117725261	0.757217803510542	0.335118703842063	0.948777064563235	0.733462864450748	0.955287108746209	1.40562608834518	7.68978155281976	0.489762125196507	0.574983118113773	6.91827924700571	1.30396705412011	9.72334225710224	0.936042884962841	34.1631197684466	0.907064763414009	36.9562041397947	1.67985513796095	1.78950942744089	0.0832641460062175	2.11821727448604	0.703845700991081	0.886351014394235	88.573949188702	0.335698079412113
Taurine	0	0	0	0	0	0	0	0	0.162749060780708	0	0	6.02424825349371	0.140449356664448	0	0	0	5.0142879276613	1.60588925910753	0	0	2.34683815697948	5.66282217920875	0	0	0	0	4.22401034936947	0	0	5.13502999343769	0	0.40531937089374	0	5.39605084839875	0.26785805094105	0	0	0	2.89252402865077	0	0	0	4.47770433008689	0.270592997344309
Threonine	2.63288322777961	5.63575773801694	1.89191247963541	11.6064983690394	3.34762823860291	3.98019767649429	3.60004064231409	2.58399576057562	3.67949450002818	6.84048936457651	8.52026912037324	2.96556888522063	4.17237357115361	4.36079188727522	3.31326214380222	2.13920962017803	5.61049116666626	9.4482966879962	4.9064577622316	11.2377325645261	6.55718395805938	2.75618036017044	3.31445027400284	5.79110711014119	5.69743029472739	5.23037690384237	1.60271579126692	4.17204773315543	2.60012446183176	8.58871069065411	1.84655624654073	11.1550199683771	5.60331662473148	7.64899109464083	3.62014214302146	12.1109048543052	5.70512205480014	4.02394770392495	5.50629417719377	1.4013085200356	2.36712353070744	4.89484857949176	3.91827555141682	4.93781356807999
Thymine	0.356713211505625	0.881270383384327	0.468590682032426	2.07124659832696	0.845312152071897	1.00741950141004	0.557603468155834	0.317899478439238	0.375574755647788	0.798258165119599	1.18973939717212	0.486502273949067	0.462455198773183	0.890965886325602	0.424365881974669	0.251944485613452	0.309365437375454	1.56621434800017	0.400165808106944	0.542402274670191	0.0510182208039018	0.32964737806505	0.386616204722904	0.188007886140856	0.404159930623396	0.648518474236511	0.152949527288417	0.653016166928675	0.219371069159873	1.1682102252966	0.271217480957001	2.07607698377321	0.319203564457374	0.964620967500197	0.896918625120787	2.29322507788702	0.103148999699357	0.671590715536848	0.530356408256994	0.257505411801413	0.375515443824851	0.451142707326504	0.04093381307342	0.390630492406823
Trimethylamine	0.482412152702845	0.105954263651169	0.197298304203082	0.0731959160822324	0.192116398198158	0.138544921608454	0.154772065305612	0.0679998884362006	0.209411378906646	0.0864612118391505	0.0867518310438003	0.50977989471218	0.116470198209542	0.392088744250623	0.0524988719968662	0.0216394036723211	0.12581387278596	0.483656059213563	0.17352322652425	1.21118954538004	0.260461443051499	0.154564953200625	0.315562415746803	0.167118121014094	0.117573797999533	2.3075192222834	0.314034667730473	0.33194988485541	0.330211188314336	0.214717767266353	0.0891420566328419	0.358789333709322	0.0582330827050615	0.103583459597337	0.245536546695962	0.565702738046401	0.132620142470602	0.0335795357768424	0.242552077496373	0.126613956633253	0.247722229957755	157.687820860832	0.454820145260222	0.240074990125026
Tryptophan	0.567343869727994	0.867815873714337	0.109247017628603	1.57470132976911	0.369824066531455	0.427510043820371	0.313784461167542	0.205699662519507	0.663515401644426	0.959116233657553	1.39835689563459	0.635479046832992	0.474444778000636	0.584945403008043	0.484885414971056	0.256581500686093	0.854393287071789	1.08633685174921	0.577230324968424	2.0221599366345	1.15999323090977	0.480108836932916	0.273766069290273	0.868085795267657	0.810769315371782	0.880778578963075	0.336814384560662	0.594970285423904	0.293264481929515	1.26101197216595	0.255778828097726	2.36348062471153	0.72036480087002	1.47606429926205	0	3.2056488489296	1.15428642520709	1.02557498851773	0.65706271739689	0.153989947256659	0.475783965474418	0.836556013585571	0.673133814985129	0.846366066881449
Tyrosine	3.47540586066909	5.53821254290952	2.14389523375557	11.5313241849549	2.92257070758949	4.65708857920988	2.76469552271942	2.19639639648928	3.99816398966873	7.13807679137173	9.01805938898172	2.93530797822858	2.7747311926391	3.82366218478555	3.18055666181015	1.87026274596489	6.1181940491251	12.0498372877504	4.2601722756872	10.2740469697237	6.15709370017615	2.76438734883596	2.71885233699729	4.88820503966226	5.15855038722953	7.10052320164068	1.35051178350411	6.65713703507844	2.30108705702962	9.05089978290541	1.65477645666863	14.4236963238601	5.21078251168254	7.34795166518607	2.35796253934469	8.66498441233438	6.10298248221195	6.25558768576093	5.70540409155647	1.23705257629516	2.27275315739019	5.08805318262938	3.31109065749442	4.60618455629712
Uracil	3.14247352993051	4.23817054604676	2.01354933789691	9.8399050430547	2.56955682590037	3.70112862011155	1.626166768348	1.48069757069827	2.11687589546935	4.75335592529655	5.13901322945179	2.42320032144009	2.32597837012586	5.13859394904068	2.39307358185715	1.20407824719558	2.07818166454294	7.49289035484761	2.41161871965335	6.3087177189795	1.35869577509339	2.47714274554276	2.07100896692107	2.07969217261984	2.63438791142704	4.09924003017404	0.533696222878731	2.87689900208022	1.57947169795109	6.64715257477955	1.01529433403645	9.5323361684868	1.43857282089911	5.83951753479985	3.06007530923563	13.2879315189501	1.1199034253073	3.43910412247827	2.15581734550881	1.01975565072187	2.56372847511835	2.54552044133895	0.350211511850371	2.65099756044839
Valerate	6.63486573400463	6.00743856765041	6.21496350878675	5.28593210193851	11.8031512142994	10.6521252585242	4.64104179389019	4.61719242481802	4.91092445642487	3.55496331468879	4.56273320894654	6.20348593336968	7.29480256138884	11.7562869007829	4.34136505374085	1.85944304412873	5.82647107573227	16.18169588736	6.70189196320701	15.6085470108975	0.778699159638501	9.43393347101515	8.81484946768222	8.62747299735263	1.83709059374271	10.4788519976634	4.7463167138331	8.75767237203235	12.0919642490071	7.48600758079471	4.80375637829831	4.69497920846868	4.78805346686061	6.47072924172112	8.26910270897559	6.46604312412176	5.30971755595261	2.9536000010381	9.49935300523108	4.29631952846078	11.4030867758332	4.79227087782591	11.0384849254656	6.2968821562454
Valine	4.09370876061217	8.6377952081334	2.96303021917446	16.3187327503334	4.01763417731899	8.78176881681012	4.07919799517804	3.7637938249437	4.86540024361908	9.40617555775688	12.6058672585789	3.81985756722688	4.8095340672411	5.10034138862599	5.08801567769629	3.25209323761168	7.67478365191527	14.7704026208267	5.73866099148056	11.2956590210443	8.23810007507214	5.4357621594627	3.85571296061491	6.53617539966236	6.41756980747453	7.21816143650219	1.6775634322804	10.2741210263445	3.08735915228159	11.3309113285388	2.60821102210438	17.313582389132	7.69539404043183	10.7403099669988	3.61405446004553	23.2941788747171	7.48812619246045	8.68450744028586	8.74997569117512	2.166125258077	5.30833349909475	6.0162319977029	4.56412015768633	6.20532813458755
Xanthine	2.70422587008074	3.69494471812093	0.687055334972221	7.31959160822324	1.147895479234	3.18059555749693	0	0.912898502255994	1.74926787706258	3.53686678197827	3.98851870822806	1.28492466612385	1.53980453221145	2.55973383441667	1.99276968288105	0.231850753632011	0	0	0	0	0	1.84246895540922	1.66140477164708	1.46228355887333	1.91057421749242	3.66789983568185	0.146441036765505	2.82066705437247	0.508017212791286	8.54867856455361	0	9.36864955261833	0	3.11397775414493	2.05560761820669	7.84380301839606	0	0	0	0	0	0	0	2.11998423483286
o-Cresol	0.584330213133024	0.373362643342215	0.350570421001936	0.466871248524509	0.410648801148564	0.461156667639567	0.156892230583771	0.203999665308602	0.36419370244634	0.174933149535025	0.276779651425458	0.265364876699491	0.229514802354098	0.66623209388927	0.320826439980849	0.228759410250251	0.52891013009206	0.540334503652652	0.740129680480985	0.49500790115532	0.252405934503514	0.480108836932916	0.649933187399045	0.311025391887342	0.328226852748697	0.428323829495742	0.21803443251753	0.613109623394145	0.37408540214631	0.243832040793994	0.333322616272784	0.239204864776888	0.509000278459056	0.258958648993342	0.292208782844781	0.40754928439902	0.503465355675432	0.289623496075266	0.640771906221761	0.272048906820097	0.420734581039361	0.266901204334444	0.366130216934479	0.608325610571042
p-Cresol	0.322740524695565	2.60344762114301	1.5572821142247	1.38874413756019	3.53734318182359	4.64323408704903	2.07988213787404	2.25249630444915	0.875202991191361	1.64678447665731	1.98496451507362	1.2732858557423	1.45245188355429	1.86800003358427	1.51955068390929	1.14997973801478	1.76761122987714	2.75457239973974	1.79189291063817	1.14799704736021	1.10091950155788	2.58246576675027	2.76064868345382	3.31218831509879	2.02692328842946	2.02096454762075	2.19336130622112	3.52628730141485	1.75958689157709	1.48118866571874	1.29610050766142	1.19602744796375	0.964081035894907	1.24300151516804	1.65787899711241	3.16611048551776	2.39207442159937	1.56984329756738	2.32596581778238	1.75206339989799	4.54943841366861	2.86918794659527	4.6960179998118	1.94297979296102
beta-Alanine	0.336329599419589	0.0941815676899281	0.197303745372973	0	0	0.281048269548577	0.580925286215584	0	0.208273273586501	0.189008230532096	0.173503662087601	0.246742780089001	0	0.132290104767487	0.137080387991817	0	0.210824317589143	1.40373614060811	0.100926774611043	0.984749760808987	0.571941106906899	0.134047481536825	0.112850135432632	0.104448825633809	3.49782049048612	1.33926605842331	0	0.126975365791687	0	0	0	0	0	0.242773733431258	0	0	0.206297999398714	0.172095120856317	0.0868843262673574	0.0530409818328492	1.50992597307584	0	5.07806692183038	0.793468187701359
2-Hydroxyisobutyrate	0	0	0	0	0	0	0	0	0	0.0522788722746602	0	0	0	0	0	0	0	0	0	0	0	0	0	0	0	0	0	0	0	0	0	0	0	0	0	0	0	0	0	0	0	0	0	0
Asparagine	0	0	0	0	0	0	0	0	0	0	0	0	0	0	0	0	1.45692276171825	0	0	2.6014245014245	0	0	0	0	0	0	0	0	0	0	0	0	0	0	0	0	0	0.377769777488735	0	0	0	0	0	0
Homovanillate	0	0	0	0	0	0	0	0	0	0	0	0	0	0	0	0	0	0	0	0	0	0	0	0	0	0	0	0	0	0	0	0	0	0	0	0	0	0	0	0	0	0	0	0
Tyramine	0	0	0	0	0	0	0	0	0	0	0	0	0	0	0	0	0	0	0	0	0	0	0	0	0	0	0	0	0	0	0	0	0	0	0	4.06636860585034	0	0	0	0	0	0	0	0
Urea	0	0	0	0	0	0	0	0	0	0	0	0	0	0	0	0	0	0	0	0	0	0	0	0	0	0	0	0	0	0	0	0	0	0	0	0	0	0	0	0	0	0	0	0
DSS-d6 (Chemical Shape Indicator)	33.6227681448519	16.7054555710189	17.4653040527514	19.648157798236	23.856053745082	19.6080648350282	20.9769152611258	16.8452723621454	22.4582322832681	19.908196707362	20.5085459603702	23.1402828011323	16.9686801987637	31.7241234423577	14.513021501476	15.3825246684787	18.4045930566309	18.8021293024692	17.6214607197289	52.4076450165519	26.7228070175439	13.5757270834837	20.6662035020381	23.0901537230699	24.3059332774485	29.8710625658143	16.1540734767251	18.0268740751292	22.8931029460444	18.0435710162387	19.253198010763	17.7208048054699	21.3952659426344	32.211218958897	20.1502306490865	30.1373571543538	24.4414010732278	13.92431416877	18.0140169789446	17.0278661663367	19.5661240707796	19.8223939214918	22.6318504262777	20.247680524931
pH	6.28	6.84	7.29	7.23	7.91	7.35	7.61	7.93	6.49	8.06	7.73	6.96	6.77	6.4	5.96	6.7	7.56	6.17	6.82	6.1	6.21	6.56	6.84	7.24	6.83	6.61	6.56	6.51	7.25	6.19	7.71	6.39	7.96	7.8	6.56	6.56	8.15	7.85	6.12	6.67	7.08	6.72	6.83	6.68
